Name,Address,Type,Description,Image_URL
Hasta La Vuelta Señor,"Chile Oe6-40 y Cuenca, Quito, Ecuador",Restaurant,A classic spot in the historic center that feels like a window into traditional Quito. It’s the kind of place where you can truly experience Ecuadorian flavors in an authentic setting.,http://hastalavuelta.com/wp-content/uploads/2015/04/centrohlvs-1.jpg
Casa Gangotena Restaurant,"Calle Bolívar OE6-41 y Cuenca, Quito 170401, Ecuador",Restaurant,A refined take on Ecuadorian cuisine located in Plaza San Francisco. I associate this place with special occasions and showing visitors a more elegant side of Quito.,https://www.casagangotena.com/wp-content/uploads/2023/09/chocolate-tasting-casa-gangotena.webp
Zazu,"Av. Diego de Almagro E8-48, Quito 170518, Ecuador",Restaurant,"One of Quito’s most recognized modern restaurants, blending local ingredients with international techniques. It represents how Ecuadorian cuisine has evolved.",https://zazuquito.com/wp-content/uploads/2021/04/cropped-logozazu.jpg
Somos Ecuador Restaurante,"Av. República E7-38, Quito 170150, Ecuador",Restaurant,A restaurant focused on celebrating Ecuadorian identity through food. I would take someone here to understand Ecuadorian culture beyond tourism.,https://dynamic-media-cdn.tripadvisor.com/media/photo-o/1c/c9/62/68/somos.jpg?w=1400&h=-1&s=1
El Ventanal,"Av. Isabel la Católica N24-274, Quito 170143, Ecuador",Restaurant,A traditional restaurant I connect with family meals and comfort food. The flavors feel familiar and represent everyday Ecuadorian cuisine.,"https://static.wixstatic.com/media/a81cf8_f7720e3f021c48caaa147199263578e4f003.jpg/v1/fill/w_600,h_600,q_90,enc_avif,quality_auto/a81cf8_f7720e3f021c48caaa147199263578e4f003.jpg"
Café Mosaico,"Manuel Samaniego N24-163 y Lizardo García, Quito 170143, Ecuador",Restaurant,A modern café known for its city views. I associate this place with spending time with friends and enjoying Quito from above.,https://cafemosaicoecuador.com/wp-content/uploads/2019/07/Cafe-Mosaico-Quito-8-768x511.jpg
Chez Jérôme,"Mall Paseo San Francisco, Cumbayá, Quito, Ecuador",Restaurant,A contemporary restaurant that blends international flavors with a local atmosphere. It reflects the modern side of Quito’s food scene.,https://www.chezjeromerestaurante.com/wp-content/uploads/2017/01/logo.png
La Ronda Restaurante,"Calle La Ronda, Quito 170401, Ecuador",Restaurant,"Located on one of Quito’s most iconic streets, this restaurant connects food with history and tradition.","https://webbox.imgix.net/images/vqbqxfofabspmjxw/367d7635-a7ff-4819-8e76-39dfa0f2dd8d.jpg?auto=format,compress&fit=crop&crop=entropy"
Urko Cocina Local,"Av. Coruña N25-03 y Colón, Quito 170135, Ecuador",Restaurant,"A restaurant focused on local ingredients and sustainability, showing a modern and thoughtful approach to Ecuadorian cuisine.",https://urko.rest/es/
Fankør,"Avenida Amazonas N34-451 y República, Quito, Ecuador",Restaurant,A modern and experimental restaurant that highlights creativity and global influences within Quito’s dining scene.,https://images.squarespace-cdn.com/content/v1/54513603e4b0f75960c636a7/1655775286696-OUFLKI7AEM2CRIP66RLC/FANKOR-17.jpg?format=1500w
Pavarotti Restaurant,"Av. 12 de Octubre N24-244 y República, Quito 170143, Ecuador",Restaurant,"A well-known restaurant in Quito offering Italian cuisine with a warm, classic atmosphere. It’s a place I associate with long dinners and celebrating special moments.",https://dynamic-media-cdn.tripadvisor.com/media/photo-o/16/24/d6/54/pavarotti.jpg?w=1400&h=800&s=1
Marenostrum,"Av. Amazonas N33-143, Quito 170102, Ecuador",Restaurant,A modern restaurant focused on seafood and Mediterranean flavors. I like coming here when I want something different and a more upscale dining experience.,https://dynamic-media-cdn.tripadvisor.com/media/photo-o/1a/ef/79/b0/el-mar-a-tu-altura.jpg?w=1400&h=800&s=1